site_name,Ecoregion,year,CS,DCW0,DCW,DCW1_5,DCW2,DCM,DCM0_5,PARd,DLW,DLWln,dDLW,dDLWln,dDLW2m,dDLW2mln,dDLW5m,dDLWsite,Kd490a,LS,bleaching,Report,CS0count,CS1count,CS2count,DCW-MCS0,DCW-MCS1,CS-MCS,C-PAR,C-PARprevm,CountDays,consecutive_days
CAR,Gulf of California,1998,0.881180438,0,0,0,0,0,0,4.576274223,37.733,3.630535043,51.977,3.950801313,44.06416667,3.785646905,34.7475,41.7075,-0.08,4.576,0,,0,0,0,0,0,0.592,27,24,2,1
CAR,Gulf of California,1999,-1.634533847,-8.083,-3.01,-1.635,0,-1.8,-1.24,4.145411094,29.387,3.3805524,39.293,3.671046386,37.608,3.627216794,34.1406,37.4614,-0.092,4.145,0,,79,21,2,-0.543,0,-1.488,25,26,72,53
CAR,Gulf of California,2000,-1.365962419,-4.258,-1.37,0,0,-0.82,0,4.143109031,28.78,3.359680701,45.839,3.825135257,50.4958,3.921890165,54.1662,53.7792,-0.084,4.143,0,,60,5,0,-0.254,0,-1.608,27,13,45,27
CAR,Gulf of California,2001,-1.378819562,-5.726,-2.64,0,0,-0.72,-0.58,3.269469154,30.112,3.404923763,23.161,3.14246983,21.28,3.057767664,19.4532,21.5282,-0.075,3.269,0,,42,16,0,-0.593,0,-1.428,25,17,39,37
CAR,Gulf of California,2002,-1.475962419,-8.274,-4.06,0,0,-1.21,-1.21,3.214044079,28.756,3.358846441,45.198,3.811052838,44.998,3.806618044,54.489,50.2256,-0.095,3.214,0,,61,21,0,-1.091,0,-2.308,29,26,54,39
CAR,Gulf of California,2003,1.148323296,0,0,0,0,0,0,-1.191361224,21.615,3.073387518,16.889,2.826662522,18.017,2.891315757,21.318,19.8046,-0.007,0,0,,4,0,0,0,0,0.602,17,19,4,1
CAR,Gulf of California,2004,-1.49739099,-9.489,-3.59,0,0,-1.7,-1.7,1.282224416,17.383,2.855492717,19.051,2.947119594,12.4868,2.524672086,9.1986,11.7212,-0.031,1.282,0,,69,17,0,-0.122,0,-1.308,15,23,68,72
CAR,Gulf of California,2005,0.191180438,0,0,0,0,0,0,1.161076676,21.202,3.054095517,23.022,3.13645028,25.5692,3.241388502,31.4846,29.0774,-0.054,1.161,0,,5,0,0,0,0,0.022,19,24,5,1
CAR,Gulf of California,2006,-1.185962419,-6.994,-2.21,0,0,-1.17,-0.61,-0.751125451,19.591,2.975070277,11.932,2.479223867,11.08883333,2.405938596,9.262333333,10.07766667,0.05,0,0,,71,16,0,-2.022,0,-1.908,9,24,70,47
CAR,Gulf of California,2007,-1.153105276,-6.409,-2.29,0,0,-0.68,-0.52,1.804848117,27.843,3.326581588,16.486,2.802511536,20.9474,3.042014534,28.4472,23.9802,-0.09,1.805,0,,49,4,0,-0.181,0,-1.218,19,20,55,26
CAR,Gulf of California,2008,-1.783105276,-16.269,-12.92,-8.209,0,-3.09,-3.09,1.497323976,22.396,3.108882371,29.34,3.378951773,27.27666667,3.306031636,31.80583333,29.47716667,-0.08,1.497,1,,80,59,8,-9.54,-6.07,-2.808,22,15,74,74
CAR,Gulf of California,2009,-0.514533847,-0.95,0,0,0,-0.1,0,0.847103457,14.834,2.696921843,16.746,2.818159424,18.11466667,2.896721923,18.10583333,18.758,-0.022,0.847,0,,22,0,0,0,0,-0.388,15,21,14,15
CAR,Gulf of California,2010,1.434037581,0,0,0,0,0,0,2.451273225,21.543,3.070050938,26.62,3.281662813,24.0708,3.180999488,20.8708,23.6572,-0.065,2.451,0,,0,0,0,0,0,0.492,23,24,0,1
CAR,Gulf of California,2011,-1.811676704,-14.981,-10.06,-5.124,0,-2.7,-2.31,2.390731753,22.17,3.098740024,29.047,3.368915208,27.2392,3.304657112,22.58,26.3876,-0.058,2.391,1,,79,33,4,-1.501,0,-2.128,22,20,82,48
CAR,Gulf of California,2012,-1.220248133,-10.389,-4.53,0,0,-2.08,-1.62,0.105739952,16.324,2.792636418,12.036,2.487902159,9.4516,2.246184039,7.409,8.3746,-0.025,0.106,0,,87,30,0,-2,0,-1.668,11,16,77,70
CAR,Gulf of California,2013,-0.801736228,-3.622,0,0,0,-0.4,0,0.919784943,24.389,3.194132211,23.022,3.13645028,24.1806,3.185550659,31.1386,27.2316,-0.07,0.92,0,,45,3,0,0,0,-0.798,18,21,40,14
CAR,Gulf of California,2014,0.956894724,0,0,0,0,0,0,-0.475161469,18.12,2.897016301,25.626,3.243607461,23.5,3.157000421,28.15833333,25.9185,-0.066,0.434,0,,0,0,0,0,0,0.672,22,23,0,1
CAR,Gulf of California,2015,0.702013772,0,0,0,0,0,0,0.700607714,13.931,2.634116573,18.708,2.92895124,17.11783333,2.840120805,18.35266667,18.09766667,-0.069,0.701,0,,0,0,0,0,0,0.902,16,24,0,1
CAR,Gulf of California,2016,1.576894724,0,0,0,0,0,0,2.778071177,30.706,3.424458075,33.589,3.514198632,34.827,3.550392948,40.9166,38.574,-0.081,2.778,0,,0,0,0,0,0,1.182,26,19,0,1
CAR,Gulf of California,2017,-0.810819562,-2.097,0,0,0,-0.21,0,1.639046111,30.624,3.421784015,18.817,2.934760717,17.4354,2.858502622,19.236,18.6296,-0.062,1.639,0,,25,0,0,0,0,-0.408,25,24,21,9
COR,Gulf of California,1998,0.831214165,0,0,0,0,0,0,4.677765437,38.868,3.66017129,64.361,4.16450786,59.49416667,4.085878269,59.59166667,61.58716667,-0.092,4.873,0,,0,0,0,0,0,0.52,29,27,2,1
COR,Gulf of California,1999,-1.555928692,-7.792,-5.05,-1.556,0,-1.68,-1.19,4.02358561,29.591,3.387470261,47.122,3.852739983,49.0106,3.892036601,52.59,51.9366,-0.097,4.024,0,,75,27,0,-0.706,0,-1.59,28,27,72,46
COR,Gulf of California,2000,-1.323071549,-4.687,-1.32,0,0,-0.72,0,3.650121448,29.677,3.390372335,46.705,3.843851225,49.1805,3.895497203,54.34033333,52.61933333,-0.103,3.65,0,,54,6,0,0,0,-1.28,28,5,48,27
COR,Gulf of California,2001,-1.400214406,-4.976,-2.71,0,0,-0.75,-0.6,2.525945307,35.772,3.577165464,22.094,3.095306078,25.796,3.250219441,34.007,29.1434,-0.12,2.526,0,,39,20,0,-0.566,0,-1.43,12,26,39,37
COR,Gulf of California,2002,-1.518785835,-7.808,-4.09,-1.519,0,-1.23,-1.23,1.614533097,29.347,3.379190326,37.354,3.620440001,35.509,3.569786185,36.749,36.7216,-0.091,1.615,0,,57,25,0,-0.825,0,-2.34,23,21,52,48
COR,Gulf of California,2003,1.24549988,0,0,0,0,0,0,-2.662644401,22.106,3.095849065,16.49,2.802754137,13.132,2.575052,10.75416667,12.19533333,-0.032,0,0,,4,2,0,0,0,0.46,15,21,4,1
COR,Gulf of California,2004,-1.46450012,-10.007,-3.68,0,0,-1.75,-1.75,1.777092619,18.507,2.918149039,19.8055,2.985959677,17.9998,2.890360647,12.6138,16.1048,-0.048,1.777,0,,68,17,0,-0.066,0,-1.12,18,20,68,72
COR,Gulf of California,2005,0.138357022,0,0,0,0,0,0,3.772306745,22.317,3.10534872,30.171,3.406881198,33.3708,3.507681266,41.5208,38.2146,-0.091,3.772,0,,3,0,0,0,0,0.05,20,22,2,3
COR,Gulf of California,2006,-1.147357263,-8.114,-3.26,0,0,-1.15,-1.14,-2.060567209,17.662,2.871415439,11.829,2.470554144,12.17316667,2.499234076,12.2195,12.1025,0.095,0,0,,75,14,0,-1.354,0,-1.72,8,27,69,47
COR,Gulf of California,2007,-1.264202501,-5.172,-2.52,0,0,-0.67,0,0.990657188,26.997,3.295725749,17.049,2.836091551,21.0966,3.04911189,30.3754,24.9062,-0.116,0.991,0,,55,14,0,-0.078,0,-1.11,18,21,53,27
COR,Gulf of California,2008,-1.688785835,-16.595,-11.94,-8.115,0,-2.99,-2.99,2.064163926,25.001,3.218915824,33.055,3.498172841,30.3555,3.41297772,32.72766667,32.12216667,-0.107,2.064,1,Severe,77,58,9,-8.944,-4.391,-2.49,22,15,74,74
COR,Gulf of California,2009,-0.467357263,-1.171,0,0,0,0,0,2.378704924,15.884,2.765312313,24.73,3.208017082,28.06216667,3.334422287,28.91183333,29.63483333,-0.085,2.379,0,,19,0,0,0,0,-0.3,17,19,17,13
COR,Gulf of California,2010,1.278357022,0,0,0,0,0,0,2.539246395,21.157,3.05197082,25.85,3.252310601,24.8058,3.211077497,22.4356,24.8392,-0.083,2.539,0,,0,0,0,0,0,0.71,23,23,0,1
COR,Gulf of California,2011,-1.911642978,-11.648,-10.02,-3.732,0,-2.75,-2.36,2.955569648,22.461,3.111780472,23.342,3.150254313,22.80816667,3.127118659,21.94433333,22.56033333,-0.08,2.956,1,Medium,82,50,6,-2.78,0,-1.79,18,22,81,49
COR,Gulf of California,2012,-1.250214406,-10.631,-3.54,0,0,-1.89,-1.58,-0.199072929,16.138,2.781176739,12.366,2.514950771,9.7986,2.282239518,7.5924,8.949666667,-0.028,0,0,,85,32,0,-2.113,0,-1.75,7,11,80,53
COR,Gulf of California,2013,-0.728785835,-3.528,0,0,0,-0.41,0,0.698593962,22.804,3.126935959,19.865,2.988959389,25.6052,3.242795456,35.6482,30.8028,-0.101,0.699,0,,43,0,0,0,0,-0.65,16,17,42,24
COR,Gulf of California,2014,0.838357022,0,0,0,0,0,0,-0.434659907,19.028,2.945911579,24.147,3.184160149,24.09216667,3.181886753,30.03383333,27.4155,-0.066,0.111,0,,0,0,0,0,0,0.63,18,19,0,1
COR,Gulf of California,2015,0.811214165,0,0,0,0,0,0,-0.32966091,13.173,2.57816928,17.2545,2.848072979,16.24016667,2.787487597,19.22433333,17.80133333,-0.038,0,0,,0,0,0,0,0,0.9,20,25,0,1
COR,Gulf of California,2016,1.334071308,0,0,0,0,0,0,2.891059376,29.174,3.373277902,33.479,3.510918377,36.6372,3.601064118,44.7106,41.637,-0.1,2.891,0,,0,0,0,0,0,0.75,27,23,0,1
COR,Gulf of California,2017,-0.674785835,-1.932,0,0,0,-0.1,0,1.927733223,29.017,3.367881865,20.118,3.001614937,19.996,2.995532254,21.6856,20.9252,-0.064,2.279,0,,28,1,0,0,0,-0.37,18,24,24,9
CPU,Gulf of California,1998,0.882625873,0,0,0,0,0,0,5.679020556,37.743,3.630800028,57.289,4.048108633,64.0035,4.158937769,82.85016667,82.85016667,-0.062,5.679,0,,0,0,0,0,0,0.59,32,27,0,1
CPU,Gulf of California,1999,-1.748802698,-5.275,-2.78,-1.749,0,-1.16,-0.95,3.283732805,40.619,3.704235937,38.551,3.65198204,37.484,3.623914175,39.5944,39.5944,-0.029,3.284,0,,71,13,4,-0.738,0,-1.58,26,25,57,24
CPU,Gulf of California,2000,-0.957136031,-4.965,0,0,0,-0.77,0,3.433225793,43.363,3.769606543,34.829,3.550450373,33.585,3.514079539,31.2978,31.2978,-0.044,3.433,0,,71,4,0,0,0,-1.15,19,14,56,15
CPU,Gulf of California,2001,-1.67023127,-7.003,-2.83,-1.67,0,-1.17,-1.06,0.88527977,37.849,3.633604559,18.8075,2.934255726,15.458,2.738126669,11.6158,11.6158,-0.036,0.885,0,,58,19,0,-0.598,0,-1.38,14,21,55,33
CPU,Gulf of California,2002,-1.057374127,-6.542,-1.06,0,0,-1.04,-0.86,2.291885231,40.681,3.705761153,33.7845,3.520002117,30.8948,3.430587885,32.9058,32.9058,-0.027,2.9,0,,66,14,0,-0.624,0,-2.17,22,20,57,37
CPU,Gulf of California,2003,0.118340159,0,0,0,0,0,0,1.141046594,28.287,3.342402335,30.221,3.408537047,36.1544,3.587798656,47.2064,47.2064,-0.059,1.141,0,,9,0,0,0,0,0.46,24,14,5,2
CPU,Gulf of California,2004,-1.061659841,-4.822,-1.06,0,0,-0.67,-0.55,0.890946965,22.355,3.10705001,15.696,2.753405903,11.4748,2.440153327,8.9148,8.9148,0.002,0.891,0,,57,8,0,-0.054,0,-1.19,13,16,51,39
CPU,Gulf of California,2005,-0.823088412,-2.421,0,0,0,-0.5,0,-0.29185228,38.319,3.645945857,10.885,2.387385695,10.2818,2.330375342,19.712,19.712,-0.035,0,0,,44,1,0,0,0,0.08,16,19,36,25
CPU,Gulf of California,2006,-1.571659841,-9.44,-6.56,-1.572,0,-1.76,-1.66,0.468706475,25.292,3.23048814,17.0295,2.834947134,13.67733333,2.615739961,13.662,13.662,-0.016,1.249,0,,72,33,0,-1.131,0,-1.7,10,19,64,45
CPU,Gulf of California,2007,-0.378802698,-1.419,0,0,0,0,0,0.540444926,22.666,3.120866004,13.545,2.606017476,13.2058,2.580656127,17.2488,17.2488,-0.019,0.54,0,,28,1,0,-0.054,0,-1.08,13,14,24,8
CPU,Gulf of California,2008,-2.693088412,-24.57,-21.85,-20.731,-13.763,-5.25,-5.25,0.149874364,30.455,3.416250184,19.362,2.963312382,12.23116667,2.503987339,4.6384,4.6384,0.037,1.225,1,Severe,89,74,38,-8.359,-3.222,-2.34,11,11,89,88
CPU,Gulf of California,2009,0.114054445,0,0,0,0,0,0,-1.271577155,20.047,2.998079517,12.301,2.50968056,12.4412,2.521013546,13.5012,13.5012,0.015,1.471,0,,8,0,0,0,0,-0.23,10,21,4,3
CPU,Gulf of California,2010,0.714054445,0,0,0,0,0,0,2.329814596,29.684,3.39060818,20.233,3.007314935,21.582,3.071859634,22.827,22.827,-0.042,2.33,0,,0,0,0,0,0,0.73,25,24,0,1
CPU,Gulf of California,2011,-1.936302698,-18.17,-13.9,-10.263,-2.035,-3.69,-3.69,-0.19043355,25.048,3.220793984,18.642,2.9254171,12.5125,2.526728145,7.197833333,7.197833333,0.017,1.399,1,Medium,88,61,8,-2.186,0,-1.78,3,19,86,75
CPU,Gulf of California,2012,-0.90023127,-4.768,-1.51,0,0,-0.68,0,0.866369398,31.819,3.460063596,13.467,2.600242248,10.5604,2.357111156,9.9158,9.9158,-0.036,0.866,0,,57,2,0,-2.15,0,-1.7,18,21,55,29
CPU,Gulf of California,2013,-0.635052698,-2.658,0,0,0,-0.02,0,0.039747618,21.036,3.046235256,17.8705,2.883151309,18.8178,2.93480323,19.6306,19.6306,-0.039,1.752,0,,34,2,0,0,0,-0.57,13,18,30,22
CPU,Gulf of California,2014,1.122625873,0,0,0,0,0,0,2.83939927,27.721,3.322190249,47.68,3.864512023,55.40266667,4.014627727,79.69266667,79.69266667,-0.05,2.839,0,,0,0,0,0,0,0.55,26,20,0,1
CPU,Gulf of California,2015,0.901197302,0,0,0,0,0,0,1.601762308,13.47,2.60046499,20.846,3.037162083,20.12466667,3.00194626,33.7585,33.7585,-0.036,1.602,0,,0,0,0,0,0,0.94,23,24,0,1
CPU,Gulf of California,2016,1.556911588,0,0,0,0,0,0,3.536429358,21.517,3.06884332,32.682,3.486824468,41.6436,3.729147695,67.0948,67.0948,-0.07,3.536,0,,0,0,0,0,0,0.75,27,25,0,1
CPU,Gulf of California,2017,-0.638302698,-1.937,0,0,0,-0.24,0,1.841983324,25.969,3.256903519,21.807,3.082231019,15.68,2.752386015,13.605,13.605,-0.007,1.842,0,,29,0,0,0,0,-0.3,15,24,23,9
DAN,Gulf of California,1998,0.995615514,0,0,0,0,0,0,3.392809176,37.05,3.612268352,43.621,3.775538686,31.47633333,3.449235941,23.245,26.0818,-0.099,3.393,0,,0,0,0,0,0,0.49,26,9,2,1
DAN,Gulf of California,1999,-1.6886702,-7.752,-2.99,-1.689,0,-1.8,-1.13,3.340870542,33.204,3.502670351,37.001,3.610944939,29.4104,3.381348353,11.7466,22.9944,-0.118,3.341,0,,104,18,0,0,0,-1.58,24,12,73,34
DAN,Gulf of California,2000,-1.131527343,-4.502,-1.13,0,0,-0.84,0,3.90814164,39.625,3.679460232,39.327,3.671911306,34.3688,3.537149176,20.4986,30.2058,-0.137,3.908,0,,69,30,3,0,0,-1.3,27,12,54,27
DAN,Gulf of California,2001,-1.214384486,-4.93,-2.23,0,0,-0.67,0,3.335884827,39.074,3.665457284,23.3125,3.148989697,18.3104,2.907469204,14.8808,17.7358,-0.156,3.336,0,,69,32,2,0,0,-1.5,22,14,40,37
DAN,Gulf of California,2002,-1.287241629,-7.278,-2.4,0,0,-1.11,-0.97,3.355793182,31.824,3.460220722,40.209,3.694090851,38.3266,3.646144172,32.9474,37.8748,-0.175,3.356,0,,0,0,0,0,0,-2.41,27,9,54,40
DAN,Gulf of California,2003,0.782758371,0,0,0,0,0,0,-3.068425899,21.041,3.046472915,26.931,3.293278039,16.56333333,2.807191417,18.66133333,18.39316667,0.076,0.593,0,,11,0,0,0,0,0.52,19,20,4,1
DAN,Gulf of California,2004,-1.632955914,-10.598,-3.68,-1.633,0,-1.88,-1.88,3.756561478,23.592,3.160907672,39.293,3.671046386,28.3384,3.344217775,22.1822,27.0602,-0.114,3.757,0,,41,8,0,0,0,-1.18,21,21,68,72
DAN,Gulf of California,2005,0.049901229,0,0,0,0,0,0,5.153199256,25.964,3.256710963,36.16,3.587953536,31.3876,3.44641291,40.8694,36.5284,-0.165,5.153,0,,51,0,0,0,0,0.05,17,24,4,2
DAN,Gulf of California,2006,-1.290098771,-7.893,-2.56,0,0,-1.28,-0.68,-0.411675322,20.319,3.011556409,11.535,2.445385892,10.87866667,2.386803685,12.51966667,11.72383333,-0.061,0.457,0,,48,3,0,0,0,-1.7,10,26,66,46
DAN,Gulf of California,2007,-1.051051152,-5.883,-1.05,0,0,-0.71,-0.59,4.368731988,30.223,3.408603224,30.785,3.427027558,39.7268,3.682026023,55.7334,47.4368,-0.196,4.369,0,,20,6,2,0,0,-1.09,21,23,47,25
DAN,Gulf of California,2008,-1.914384486,-16.281,-13.04,-6.856,0,-3.14,-3.14,2.651590498,28.577,3.352602198,38.504,3.650762132,38.26216667,3.644461592,39.3512,38.663,-0.161,2.652,1,Severe,88,46,8,0,-3.235,-2.39,24,21,78,78
DAN,Gulf of California,2009,-0.5786702,-1.074,0,0,0,-0.13,0,2.506962351,15.483,2.739742648,29.025,3.368157528,35.0755,3.557502881,37.92883333,37.922,-0.137,2.507,0,,2,0,0,0,0,-0.35,17,23,15,14
DAN,Gulf of California,2010,1.322758371,0,0,0,0,0,0,4.277479413,26.167,3.264499075,40.738,3.707161318,34.6784,3.546117015,43.095,40.169,-0.153,4.277,0,,26,0,0,0,0,0.65,21,28,0,1
DAN,Gulf of California,2011,-1.694384486,-12.452,-4.6,-3.278,0,-2.12,-1.95,2.870445075,21.812,3.082460277,37.081,3.613104709,41.5254,3.726305288,44.829,44.6676,-0.154,2.87,1,Medium,111,70,40,0,0,-1.77,19,24,80,48
DAN,Gulf of California,2012,-1.204384486,-10.493,-4.42,0,0,-2.19,-1.71,1.960528601,16.287,2.790367244,22.157,3.098153474,19.57933333,2.974474588,16.2738,18.8052,-0.133,1.961,0,,46,17,0,0,0,-1.71,10,16,83,82
DAN,Gulf of California,2013,-0.776467819,-3.412,0,0,0,-0.45,0,2.092284844,25.982,3.257403991,25.391,3.234394781,23.8136,3.170256846,28.1782,25.7884,-0.168,2.092,0,,10,0,0,0,0,-0.61,16,13,36,12
DAN,Gulf of California,2014,0.987044086,0,0,0,0,0,0,2.868875303,18.266,2.905041408,44.03,3.78487122,33.44916667,3.510026873,39.79516667,37.33,-0.151,2.869,0,,0,0,0,0,0,0.68,26,26,0,1
DAN,Gulf of California,2015,0.756448848,0,0,0,0,0,0,-0.50923484,12.944,2.56063236,19.078,2.948535839,14.9898,2.70736997,15.8678,15.9468,-0.104,0,0,,0,0,0,0,0,0.9,12,22,0,1
DAN,Gulf of California,2016,1.6013298,0,0,0,0,0,0,4.691492391,26.371,3.272264922,45.106,3.809015275,49.4942,3.901855491,53.989,53.7188,-0.164,4.691,0,,0,0,0,0,0,0.81,26,20,0,1
DAN,Gulf of California,2017,-0.775384486,-2.038,0,0,0,-0.14,0,3.008926417,34.825,3.55033552,32.627,3.485140166,26.0656,3.260616437,19.131,23.9322,-0.13,3.009,0,,26,0,0,-0.132,0,-0.38,25,23,22,8
ELP,Gulf of California,1998,0.80795471,0,0,0,0,0,0,5.402062776,36.009,3.583768907,55.985,4.025083798,55.37533333,4.014134248,55.3305,55.26633333,-0.162,5.402,0,,0,0,0,0,0,0.59,28,11,0,1
ELP,Gulf of California,1999,-1.289188147,-5.094,-1.29,0,0,-1.1,-0.9,4.557037048,30.235,3.409000194,46.992,3.849977374,50.7312,3.926541106,54.9554,50.7312,-0.151,4.557,0,,59,13,0,-0.73,0,-1.92,28,21,57,25
ELP,Gulf of California,2000,-0.990616719,-4.956,0,0,0,-0.83,-0.64,4.662787276,35.279,3.563287886,50.424,3.920467252,58.6164,4.071014521,69.1828,58.6164,-0.159,4.663,0,,50,9,0,0,0,-1.87,29,20,47,27
ELP,Gulf of California,2001,-1.117759576,-5.233,-2.22,0,0,-0.85,0,2.796345164,35.446,3.568010412,32.174,3.471158673,38.8938,3.660834855,54.1574,38.8938,-0.168,2.796,0,,49,17,0,-0.613,0,-1.51,23,25,48,42
ELP,Gulf of California,2002,-1.406331005,-7.193,-2.49,0,0,-1,-0.99,-0.211094643,35.136,3.559226246,19.1725,2.953476961,20.9076,3.040112729,17.327,20.9076,0.015,0,0,,60,17,1,-0.984,0,-1.99,20,21,58,47
ELP,Gulf of California,2003,0.81795471,0,0,0,0,0,0,2.211570378,15.749,2.756776871,25.75,3.248434627,26.6314,3.282090971,28.2278,26.6314,-0.16,2.212,0,,2,0,0,0,0,1.09,19,23,2,1
ELP,Gulf of California,2004,-0.977759576,-4.913,0,0,0,-0.89,-0.7,2.92223733,19.425,2.966560896,24.771,3.209673614,15.5732,2.745551488,17.2584,15.5732,-0.121,2.922,0,,62,4,0,-0.091,0,-1.57,21,21,61,46
ELP,Gulf of California,2005,0.192240424,0,0,0,0,0,0,2.70060702,28.154,3.33768944,25.492,3.238364677,19.0288,2.945953621,33.6258,19.0288,-0.096,2.701,0,,1,0,0,0,0,-0.23,13,28,0,1
ELP,Gulf of California,2006,-1.579188147,-8.791,-4.08,-1.579,0,-1.66,-1.46,0.803848964,20.027,2.997081363,11.278,2.422853925,11.46283333,2.439109917,11.6185,11.46283333,-0.121,0.804,0,,76,18,0,-1.385,0,-1.36,21,25,76,56
ELP,Gulf of California,2007,-0.878890528,-3.833,0,0,0,-0.32,0,1.993333875,30.849,3.429104335,15.395,2.734042781,20.2596,3.008628755,25.3676,20.2596,-0.131,1.993,0,,51,2,0,-0.071,0,-1.81,12,18,50,23
ELP,Gulf of California,2008,-2.000616719,-19.802,-16.78,-13.287,-2.001,-3.93,-3.93,1.987857247,29.977,3.400430421,29.552,3.386151423,22.76833333,3.125370682,19.7035,22.76833333,-0.039,1.988,1,Severe,80,65,23,-8.646,-1.07,-2.37,21,23,80,78
ELP,Gulf of California,2009,-0.23204529,-0.232,0,0,0,0,0,0.881225084,17.575,2.866477438,22.8385,3.128447708,17.661,2.871358819,12.86166667,17.661,-0.023,0.881,0,,9,0,0,0,0,-0.68,25,26,8,6
ELP,Gulf of California,2010,0.746526138,0,0,0,0,0,0,2.446654866,31.729,3.457231089,28.032,3.333346715,25.694,3.246257502,28.4276,25.694,-0.12,2.447,0,,0,0,0,0,0,0.86,20,27,0,1
ELP,Gulf of California,2011,-1.172640528,-8.886,-3.66,0,0,-1.49,-1.02,1.925079599,27.513,3.31465862,24.813,3.211367709,21.2796,3.057748867,18.436,21.2796,-0.051,1.925,1,Medium,81,24,2,-2.528,-2.247,-2.45,12,22,81,28
ELP,Gulf of California,2012,-1.433473862,-11.353,-4.66,0,0,-2.42,-2.42,0.712896277,21.549,3.070329412,17.402,2.856585142,16.0455,2.775428436,14.0645,16.0455,-0.112,0.568,0,,89,33,0,-2.101,0,-1.39,26,23,89,98
ELP,Gulf of California,2013,-0.45204529,-1.196,0,0,0,-0.08,0,2.759748151,20.331,3.012146815,29.288,3.377177876,28.0394,3.333610664,39.445,28.0394,-0.147,2.76,0,,28,0,0,0,0,-1.05,18,18,27,12
ELP,Gulf of California,2014,0.880811853,0,0,0,0,0,0,2.226531064,25.386,3.234197841,29.2495,3.37586248,34.67316667,3.545966093,46.21,34.67316667,-0.084,2.227,0,,0,0,0,0,0,0.63,27,23,0,1
ELP,Gulf of California,2015,1.074026138,0,0,0,0,0,0,2.831524466,14.581,2.679719311,29.872,3.396921587,32.89583333,3.493346003,42.37983333,32.89583333,-0.152,2.832,0,,0,0,0,0,0,0.61,28,25,0,1
ELP,Gulf of California,2016,1.476526138,0,0,0,0,0,0,4.29040945,21.674,3.076113386,41.169,3.717685546,48.8516,3.888787131,65.8828,48.8516,-0.082,4.29,0,,0,0,0,0,0,0.47,19,25,0,1
ELP,Gulf of California,2017,-0.229473862,-0.666,0,0,0,0,0,2.540229768,26.482,3.276465257,23.691,3.165095229,18.48366667,2.916887459,20.891,18.48366667,-0.114,3.161,0,,19,0,0,0,0,-0.88,31,24,16,4
GAV,Gulf of California,1998,0.903249819,0,0,0,0,0,0,4.465771651,41.358,3.722265873,54.895,4.00542227,59.412,4.084496226,66.5445,62.77633333,-0.06,4.466,0,,0,0,0,0,0,-0.058,20,27,0,1
GAV,Gulf of California,1999,-1.291035895,-4.26,-1.29,0,0,-1.03,-0.86,2.790697466,34.252,3.533744957,29.146,3.372317682,20.6498,3.027705634,7.8708,14.6856,-0.018,2.791,0,,63,10,0,-1.996,0,-1.668,24,11,65,36
GAV,Gulf of California,2000,-0.563893038,-2.79,0,0,0,-0.37,0,3.495893278,42.748,3.755322411,40.2,3.693866996,42.5676,3.751093401,42.1642,43.8446,-0.053,3.496,0,,40,1,0,-0.604,0,-3.878,23,25,42,24
GAV,Gulf of California,2001,-1.133893038,-4.906,-1.13,0,0,-0.79,0,2.230737138,42.313,3.745094367,22.316,3.10530391,24.489,3.198224037,35.1804,27.817,-0.063,2.231,0,,61,12,0,-1.545,0,-3.428,21,19,61,42
GAV,Gulf of California,2002,-1.185321609,-5.631,-1.19,0,0,-0.84,-0.84,2.866821965,52.753,3.965620643,26.404,3.273515514,23.8784,3.172974285,17.599,21.6928,-0.039,2.867,0,,58,13,1,-2.177,0,-0.898,23,25,60,39
GAV,Gulf of California,2003,0.924678391,0,0,0,0,0,0,1.053606994,17.353,2.853765402,20.424,3.01671068,20.494,3.02013216,23.4562,22.0556,-0.054,1.054,0,,0,0,0,0,0,-0.258,12,24,0,1
GAV,Gulf of California,2004,-0.821035895,-4.267,0,0,0,-0.67,-0.67,-0.942881187,27.203,3.303327261,15.0635,2.712274599,12.8422,2.552736623,15.158,12.9144,0.011,0,0,,51,2,0,-1.611,0,-2.898,21,20,51,47
GAV,Gulf of California,2005,0.248964105,0,0,0,0,0,0,1.385543406,24.943,3.216593222,23.9235,3.174861239,24.048,3.180051833,34.027,28.5262,-0.046,1.386,0,,0,0,0,0,0,-1.878,17,23,0,1
GAV,Gulf of California,2006,-1.172178752,-6.609,-2.2,0,0,-0.9,-0.63,0.510233056,27.442,3.312074686,15.631,2.749256122,14.9114,2.702126021,16.9344,16.14,-0.039,0.51,0,,60,10,0,-1.07,0,-2.128,18,20,63,44
GAV,Gulf of California,2007,-0.751095419,-3.078,0,0,0,-0.21,0,1.855709235,25.833,3.251652744,15.131,2.716745619,18.1266,2.897380473,19.4856,18.6618,-0.055,1.856,0,,40,1,0,-1.269,0,-1.058,9,12,42,20
GAV,Gulf of California,2008,-1.813893038,-17.564,-14.66,-8.492,0,-3.45,-3.45,-1.903495628,31.734,3.457388661,13.064,2.569860356,5.2734,1.662675316,2.5346,3.834,0.095,2.383,1,,83,64,9,-7.274,0,-0.858,13,21,83,78
GAV,Gulf of California,2009,0.038964105,0,0,0,0,0,0,0.355401779,26.172,3.264690137,13.2965,2.587500843,9.662833333,2.268286911,5.655333333,8.389,0,0.355,0,,5,0,0,0,-1.469,-4.128,23,29,6,4
GAV,Gulf of California,2010,1.141821248,0,0,0,0,0,0,2.764144834,32.463,3.480100979,25.964,3.256710963,20.6954,3.029911453,23.0526,22.4732,-0.051,3.048,0,,0,0,0,0,0,-0.138,16,25,0,1
GAV,Gulf of California,2011,-1.335678752,-9.843,-3.68,0,0,-1.58,-0.96,1.680358868,26.789,3.287991355,25.466,3.237344229,23.82833333,3.170875349,20.91866667,22.9095,-0.009,1.68,1,,73,24,0,-6.213,0,-1.208,7,24,75,43
GAV,Gulf of California,2012,-1.143893038,-10.74,-2.15,0,0,-2.28,-2.28,-1.350863124,24.183,3.185649907,13.885,2.630809121,14.1765,2.651585664,11.60633333,13.6715,0.014,0.499,0,,89,30,0,-2.489,0,-2.218,17,21,89,96
GAV,Gulf of California,2013,-0.380262085,-0.965,0,0,0,0,0,1.076913258,19.016,2.94528073,16.314,2.792023635,17.353,2.853765402,22.435,19.4376,-0.018,1.184,0,,23,0,0,-0.079,0,-1.798,27,27,25,13
GAV,Gulf of California,2014,0.877535534,0,0,0,0,0,0,2.979931425,24.734,3.208178815,37.288,3.618671559,46.14683333,3.831828342,61.99916667,53.6025,-0.057,2.98,0,,0,0,0,0,0,-0.478,24,19,0,1
GAV,Gulf of California,2015,1.071821248,0,0,0,0,0,0,2.657721091,12.12,2.494856981,20.607,3.025630824,23.0035,3.135646378,38.18516667,29.15566667,-0.069,2.658,0,,0,0,0,0,0,-1.478,27,26,0,1
GAV,Gulf of California,2016,1.298964105,0,0,0,0,0,0,3.501421072,26.579,3.28012143,36.529,3.598106466,44.7694,3.80152487,59.2828,51.3246,-0.059,3.501,0,,0,0,0,0,0,-1.498,15,22,0,1
GAV,Gulf of California,2017,-0.151178752,-0.302,0,0,0,0,0,1.207505262,33.678,3.516844805,20.045,2.997979746,18.9834,2.943564913,15.9382,18.3402,-0.003,1.756,0,,9,0,0,-0.098,0,-1.658,23,14,12,6
GLP,Galapagos,1998,2.106620584,0,-2.397,0,0,-0.71,0,4.971705192,52.491,3.960641726,54.456,3.997393036,55.01316667,4.007572551,67.9515,85.4515,-0.022,7.358,0,,0,0,0,0,0,0.95,24,11,41,1
GLP,Galapagos,1999,-0.937665131,-0.807,-2.35,0,0,-0.9,-0.53,6.659101241,77.003,4.343844382,80.417,4.387225597,70.431,4.254633507,61.369,50.404,-0.013,6.25,0,,53,11,0,0,0,-1.94,4,18,79,1
GLP,Galapagos,2000,-0.410307988,-2.746,0,0,0,-0.67,-0.53,2.721876017,49.179,3.895466703,41.183,3.71802555,33.89966667,3.523405181,22.451,9.051,-0.006,6.182,0,,45,1,0,-0.775,0,-1.6,1,15,41,2
GLP,Galapagos,2001,-0.327307988,-1.221,0,0,0,-0.31,0,3.240811946,64.51,4.166820251,47.556,3.861907964,44.7794,3.801748212,29.7414,12.335,0.001,8.24,0,,57,15,0,-0.439,0,-1.3,18,17,19,1
GLP,Galapagos,2002,-2.201950845,-0.79,-6.607,-4.203,-4.203,-1.66,-1.6,0.455838047,36.152,3.587732272,35.101,3.55822962,32.112,3.469229792,30.4302,24.4986,-0.006,5.969,0,,57,15,1,0,0,-1.79,22,16,46,1
GLP,Galapagos,2003,-1.671950845,0,-4.822,-3.507,0,-1.24,-1.24,2.814756944,37.471,3.6235673,38.878,3.660428538,33.0632,3.498420881,35.5658,40.2616,-0.015,4.702,0,,0,0,0,0,0,0.44,20,19,48,1
GLP,Galapagos,2004,-1.621950845,0,-6.821,-3.364,0,-1.43,-0.89,3.703343002,46.349,3.836199717,50.435,3.920685379,45.1462,3.809906112,37.6354,22.528,-0.007,5.189,0,,53,2,0,-0.366,0,-1.63,15,13,79,1
GLP,Galapagos,2005,1.009692012,0,-1.441,0,0,-0.41,0,7.461537764,57.49,4.05161102,54.285,3.994247946,43.9332,3.782670298,37.7194,26.1486,-0.003,6.787,0,,0,0,0,0,0,-0.25,20,15,26,1
GLP,Galapagos,2006,-0.571807988,-1.331,0,0,0,0,0,1.858155453,31.454,3.448526161,33.585,3.514079539,27.012,3.296281212,25.0578,19.8072,-0.006,5.352,0,,63,14,0,0,0,-1.5,13,10,8,1
GLP,Galapagos,2007,-1.738141321,0,-12.18,-5.609,-2.176,-2.73,-2.73,-0.084457852,15.159,2.718594415,18.223,2.902684533,16.6944,2.815073334,13.657,13.7658,-0.009,7.899,1,Mild,40,1,0,0,0,-1.24,16,21,145,1
GLP,Galapagos,2008,1.840906298,-5.089,-4.146,-1.593,0,-0.95,-0.95,1.519915689,21.398,3.06329746,24.072,3.181049339,20.6705,3.028707563,16.61816667,8.739,-0.004,6.601,0,,83,63,9,0,-3.552,-2.5,13,19,0,1
GLP,Galapagos,2009,1.209477727,0,0,0,0,0,0,1.497290429,47.765,3.866293154,41.568,3.72733064,34.3932,3.53785887,31.2134,28.1044,-0.006,6.994,0,,8,0,0,-2.956,0,-0.69,17,7,0,1
GLP,Galapagos,2010,0.130192012,0,-4.645,-2.098,-2.098,-0.97,-0.55,-1.228969723,37.059,3.612511237,46.613,3.841879472,47.7872,3.866757821,40.6742,27.2222,-0.014,5.815,0,,0,0,0,0,0,0.97,13,20,53,1
GLP,Galapagos,2011,1.535192012,-2.981,-1.142,0,0,-0.42,0,-1.440324241,21.041,3.046472915,28.73,3.357941873,24.1356,3.183687929,21.0324,13.9102,-0.007,3.736,0,,79,24,0,0,0,-2.35,16,14,7,1
GLP,Galapagos,2012,1.539477727,-0.799,0,0,0,0,0,-1.489529035,34.516,3.541422985,38.382,3.6475886,33.1576,3.501271951,31.9758,27.8546,-0.015,3.93,0,,89,30,0,0,0,-1.51,18,12,3,1
GLP,Galapagos,2013,-1.163379416,-0.443,-2.312,0,0,-0.18,0,1.52344022,43.884,3.781549789,32.272,3.474199981,30.268,3.410091049,26.635,22.379,-0.011,4.8,0,,24,0,0,0,0,-1.06,14,18,30,1
GLP,Galapagos,2014,1.563763441,0,0,0,0,0,0,-1.187849623,22.736,3.123949571,25.532,3.239932567,26.543,3.278766059,24.6442,19.8424,-0.012,6.529,0,,0,0,0,0,0,0.77,16,24,0,1
GLP,Galapagos,2015,2.573192012,0,0,0,0,0,0,2.103450675,30.875,3.429946795,26.7675,3.287188465,29.045,3.368846351,28.8864,26.6068,-0.014,4.682,0,,0,0,0,0,0,0.6,25,15,0,1
GLP,Galapagos,2016,-0.369807988,0,-2.791,-1.552,0,-0.3,0,5.684427254,41.975,3.737074203,42.66,3.753261713,42.0362,3.738531152,46.8694,57.2398,-0.017,9.093,0,,0,0,0,0,0,1.44,12,15,32,1
GLP,Galapagos,2017,-0.571950845,-4.741,-2.791,-1.552,0,-0.31,0,2.982277905,52.849,3.967438791,49.875,3.909519875,37.6135,3.627363029,22.598,7.3974,-0.006,4.746,0,,14,0,0,0,0,-0.89,30,23,41,1
IES,Gulf of California,1998,0.793235365,0,0,0,0,0,0,4.820661905,39.861,3.685398402,59.784,4.090738067,59.043,4.078265992,62.53766667,60.75366667,-0.096,4.821,0,,0,0,0,0,0,0.91,28,29,0,1
IES,Gulf of California,1999,-1.315336064,-3.888,-1.32,0,0,-0.89,-0.86,3.565627986,37.831,3.633128872,39.605,3.678955373,40.3904,3.698592133,40.4878,41.2042,-0.063,3.566,0,,74,23,0,-1.805,-1.006,-1.92,30,17,54,24
IES,Gulf of California,2000,-0.726764635,-3.414,0,0,0,-0.44,0,3.528829909,40.317,3.696773216,39.254,3.67005335,40.7324,3.707023845,37.9666,41.0568,-0.072,3.529,0,,47,10,0,-0.476,0,-1.57,16,22,45,26
IES,Gulf of California,2001,-1.131050349,-4.71,-1.13,0,0,-0.76,0,1.862012561,37.378,3.621082296,29.1995,3.374151586,33.6172,3.515037841,44.502,36.0748,-0.095,1.862,0,,39,21,0,-1.091,0,-1.29,21,23,57,42
IES,Gulf of California,2002,-1.386764635,-6.645,-2.44,0,0,-1.02,-0.98,3.269667952,48.043,3.872096443,34.001,3.526389936,28.769,3.359298419,24.4394,28.384,-0.056,3.27,0,,55,24,1,-1.577,0,-1.77,22,23,60,40
IES,Gulf of California,2003,1.030378222,0,0,0,0,0,0,0.80291998,14.437,2.669794356,19.28,2.959068289,21.76,3.080073422,28.1322,23.439,-0.079,0.803,0,,4,3,0,0,0,0.42,15,22,0,1
IES,Gulf of California,2004,-0.869621778,-4.22,0,0,0,-0.66,-0.66,-0.002746965,24.643,3.204492885,11.306,2.425333558,9.0034,2.197602284,8.0292,8.7914,-0.035,0,0,,68,19,0,-1.988,0,-1.83,23,21,54,52
IES,Gulf of California,2005,0.251806794,0,0,0,0,0,0,1.777743452,23.899,3.173836617,19.6965,2.980440955,19.2896,2.959566091,22.8982,20.4696,-0.056,1.778,0,,6,0,0,0,0,-0.31,12,22,0,1
IES,Gulf of California,2006,-1.260978921,-7.19,-2.4,0,0,-1.09,-0.67,-0.402753986,21.266,3.057109553,13.696,2.617103819,11.2976,2.424590314,9.4652,11.0706,-0.039,0,0,,71,17,0,-1.969,0,-1.48,13,23,65,50
IES,Gulf of California,2007,-0.759562254,-3.113,0,0,0,-0.18,0,0.910598703,26.321,3.2703671,9.909,2.293443435,12.78,2.547881449,14.7294,13.188,-0.052,0.911,0,,55,18,0,-0.616,0,-1.36,12,12,42,23
IES,Gulf of California,2008,-1.866764635,-17.988,-15.03,-8.646,0,-3.59,-3.59,-0.198707239,27.878,3.327837847,21.284,3.057955617,13.1825,2.578890192,8.258333333,12.3425,0.017,2.175,1,Severe,75,55,10,-8.107,-3.54,-2.46,17,16,83,78
IES,Gulf of California,2009,-0.068193206,-0.068,0,0,0,0,0,1.40836723,20.463,3.018618377,16.95,2.830267834,14.13716667,2.648807263,9.834833333,13.212,-0.022,1.408,0,,14,0,0,0,0,-0.7,27,28,9,5
IES,Gulf of California,2010,1.107521079,0,0,0,0,0,0,2.138672949,27.253,3.305163607,17.988,2.889704869,17.7542,2.876622108,20.2184,18.7886,-0.067,2.192,0,,0,0,0,0,0,1,16,27,0,1
IES,Gulf of California,2011,-1.422478921,-10.335,-4.87,0,0,-1.77,-0.97,1.803952003,24.839,3.212414999,25.22,3.227637331,21.7404,3.079172281,17.8766,21.3262,-0.025,1.804,1,Medium,82,48,6,-3.771,-2.014,-2.4,10,21,80,45
IES,Gulf of California,2012,-1.143907492,-10.774,-2.17,0,0,-2.27,-2.27,0.454201583,18.021,2.891537745,15.045,2.71104571,13.01883333,2.566397027,9.6785,12.27633333,0.017,0.816,0,,78,30,0,-2.704,0,-1.47,18,23,89,96
IES,Gulf of California,2013,-0.365395587,-0.792,0,0,0,0,0,0.750832362,20.493,3.020083364,17.878,2.883570907,12.9834,2.563671618,13.061,13.0226,-0.054,0.79,0,,43,1,0,-0.252,0,-1.08,26,22,24,13
IES,Gulf of California,2014,0.950378222,0,0,0,0,0,0,3.063698768,27.16,3.301745303,37.291,3.618752011,41.35216667,3.722124818,47.28433333,43.44883333,-0.069,3.064,0,,0,0,0,0,0,0.74,22,17,0,1
IES,Gulf of California,2015,1.110021079,0,0,0,0,0,0,1.529620138,8.951,2.191765258,20.758,3.032931715,19.96283333,2.993872211,24.29166667,21.1815,-0.079,1.53,0,,0,0,0,0,0,0.53,26,24,0,1
IES,Gulf of California,2016,1.343235365,0,0,0,0,0,0,2.479546348,21.378,3.062362356,28.782,3.359750192,35.482,3.569025526,48.0398,38.8728,-0.067,2.48,0,,0,0,0,0,0,1.39,18,19,0,1
IES,Gulf of California,2017,-0.197478921,-0.394,0,0,0,0,0,1.455205608,25.904,3.254397397,21.817,3.082689482,18.4618,2.915703732,15.5522,17.887,-0.049,1.713,0,,24,0,0,-0.264,0,-0.87,25,21,14,6
LWK,Florida,1998,-1.246099735,-4.146,0,0,0,-0.55,0,-0.27826227,68.282,4.223646189,19.426,2.966612375,29.8362,3.395722421,19.098,4.016833333,0.004,1.062,0,,0,0,0,-0.292,0,-0.058,13,28,60,30
LWK,Florida,1999,-0.351814021,-0.554,0,0,0,0,0,5.17537729,53.19,3.973870409,29.391,3.380688505,26.5516,3.27909001,31.746,30.6606,-0.005,5.175,0,,20,0,0,0,0,-1.668,23,17,22,12
LWK,Florida,2000,-0.954671164,-3.224,0,0,0,-0.42,0,3.546644941,74.102,4.305442522,36.776,3.604845459,43.4904,3.772540224,67.0462,60.5604,-0.048,3.547,0,,37,6,0,-0.001,0,-3.878,23,11,36,28
LWK,Florida,2001,-1.530385449,-5.563,-1.53,-1.53,0,-0.91,-0.91,5.228422063,47.56,3.861992072,57.636,4.054147372,61.81,4.124065164,79.8684,75.3618,-0.042,5.228,0,,45,16,0,-0.811,0,-3.428,25,27,47,41
LWK,Florida,2002,-0.781754497,-2.227,0,0,0,0,0,4.382683983,55.352,4.013712792,36.938,3.609240831,31.9438,3.463978109,37.6702,36.4522,-0.023,4.674,0,,35,1,0,0,0,-0.898,13,11,32,19
LWK,Florida,2003,-1.473671164,-8.286,-4.56,-1.792,0,-1.5,-1.5,0.243110677,34.262,3.534036868,32.316,3.475562464,36.6512,3.60144617,49.0784,45.9962,0.008,0.243,0,,53,26,6,-2.295,0,-0.258,20,13,59,44
LWK,Florida,2004,-0.156099735,-0.531,0,0,0,0,0,1.715044928,59.394,4.084193211,20.231,3.007216081,19.3388,2.962113441,24.8658,23.3596,-0.032,2.931,0,,46,2,0,0,0,-2.898,14,17,43,6
LWK,Florida,2005,-1.393242592,-5.58,-1.39,0,0,-0.81,0,1.039646324,36.704,3.602885741,18.76,2.931726944,20.1748,3.004434301,22.943,22.023,-0.02,1.04,0,,63,16,1,-0.44,0,-1.878,15,8,80,45
LWK,Florida,2006,-1.386099735,-7.784,-3.81,0,0,-1.41,-1.41,1.039008511,35.138,3.559283166,15.783,2.758933411,13.4635,2.59998232,12.0756,11.0996,-0.005,1.039,0,,63,22,5,-0.942,0,-2.128,15,17,65,61
LWK,Florida,2007,-0.670385449,-1.265,0,0,0,0,0,1.529135572,30.657,3.422861021,15.616,2.74829603,10.0902,2.311564656,16.4598,14.8364,-0.011,2.893,0,,16,3,0,0,0,-1.058,11,19,19,13
LWK,Florida,2008,0.485328836,0,0,0,0,0,0,-0.973543325,39.439,3.674755174,27.7435,3.323001579,31.1034,3.437317138,32.9972,32.789,-0.03,0.33,0,,8,0,0,0,0,-0.858,21,13,5,2
LWK,Florida,2009,-1.161814021,-7.439,-1.16,0,0,-0.99,-0.85,1.327295159,43.649,3.776180373,24.58,3.201933104,22.5215,3.114470409,25.92316667,25.0715,-0.022,1.327,0,,53,32,3,-0.216,-1.469,-4.128,17,13,55,55
LWK,Florida,2010,-2.168956878,-6.838,-3.5,-2.169,-2.169,-1.5,-1.19,-0.655521044,51.166,3.935075249,10.437,2.345357185,9.6392,2.265838118,11.4458,11.0336,-0.024,0,1,Mild,79,27,4,-1.587,0,-0.138,14,15,87,56
LWK,Florida,2011,-1.536099735,-8.162,-3.93,-1.536,0,-1.2,-1.2,1.870941735,45.2,3.811097087,23.129,3.141087241,16.189,2.784331999,13.6704,13.4862,-0.007,1.871,0,,50,20,4,-1.949,0,-1.208,10,18,51,18
LWK,Florida,2012,0.085328836,0,0,0,0,0,0,0.224383657,30.14,3.405853193,18.084,2.895027569,17.29416667,2.850369258,13.6795,14.22283333,0.01,0.224,0,,12,0,0,0,0,-2.218,16,7,8,4
LWK,Florida,2013,-0.297528306,-0.298,0,0,0,0,0,0.677191827,23.926,3.174965734,29.415,3.381504748,26.2212,3.266568244,33.4626,31.1742,-0.024,0.677,0,,21,0,0,0,0,-1.798,10,5,17,10
LWK,Florida,2014,0.265328836,0,0,0,0,0,0,3.126159109,34.288,3.534795439,32.704,3.487497395,26.8925,3.291847437,24.89966667,24.55716667,-0.007,3.126,0,,4,0,0,0,0,-0.478,23,9,3,2
LWK,Florida,2015,-0.534671164,-1.132,0,0,0,-0.16,0,2.41246939,34.217,3.532722597,40.857,3.710078165,26.2625,3.268142066,27.39116667,27.32266667,-0.028,2.412,0,,26,5,0,0,0,-1.478,17,8,20,14
LWK,Florida,2016,0.248185979,0,0,0,0,0,0,0.939598236,40.672,3.705539895,16.377,2.795877911,13.3764,2.59349196,21.546,19.499,-0.027,2.983,0,,12,0,0,0,0,-1.498,13,11,1,1
LWK,Florida,2017,0.373328836,0,0,0,0,0,0,1.045856642,46.485,3.83912968,17.108,2.83954619,12.7668,2.546848051,13.6146,12.923,-0.028,1.046,0,,7,0,0,0,0,-1.658,24,23,2,1
MAL,Malpelo,1998,0.348751648,0,0,0,0,-0.07,0,10.95187688,94.305,4.546534211,80.443,4.387548859,66.4516,4.196473863,63.32216667,55.78366667,-0.032,10.952,0,,0,0,0,0,0,0.06,7,8,21,1
MAL,Malpelo,1999,-1.422676923,-3.962,-1.42,0,0,-1.05,-0.62,2.095272997,92.512,4.527338366,92.533,4.527565338,93.3458,4.536310877,88.984,64.6532,-0.012,2.095,0,,49,16,1,0,0,-1.03,2,12,109,12
MAL,Malpelo,2000,-2.831248352,-15.291,-9.53,-9.525,-7.685,-3.09,-3,4.126030011,72.895,4.28902005,49.3305,3.898542551,36.3734,3.593837738,26.49533333,5.8598,0.011,4.126,0,,78,18,0,-0.775,0,-1.96,9,14,83,32
MAL,Malpelo,2001,-2.55981978,-12.018,-8.81,-6.231,-2.56,-2.15,-1.8,4.525829289,80.857,4.392682162,61.827,4.124340162,29.6272,3.388692858,18.839,2.8218,0.003,6.588,0,,55,25,0,-0.439,0,-2.12,7,15,64,46
MAL,Malpelo,2002,-0.81934359,-2.09,0,0,0,-0.24,0,3.276195933,58.695,4.072354544,42.136,3.740902482,29.5146,3.384885056,21.4936,9.402,-0.005,4.046,0,,59,22,1,0,0,0.13,25,16,37,12
MAL,Malpelo,2003,-0.077176923,-0.155,0,0,0,0,0,5.336630039,86.883,4.464562386,91.869,4.520363649,78.055,4.357413706,67.254,40.1485,-0.033,5.337,0,,0,0,0,0,0,-0.64,14,21,8,3
MAL,Malpelo,2004,-2.684105495,-5.002,-2.68,-2.684,-2.684,-0.96,-0.96,1.848176989,68.658,4.229137659,52.44,3.959669659,47.0886,3.852030934,37.9078,19.6476,-0.01,1.848,0,,52,1,0,-0.366,0,-1.23,10,10,34,19
MAL,Malpelo,2005,-1.136962637,-2.988,-2.15,0,0,-0.65,-0.65,3.423948936,58.119,4.062492633,44.042,3.785143724,40.6528,3.705067714,36.1006,18.51333333,-0.004,3.424,0,,3,0,0,0,0,-0.72,11,20,32,12
MAL,Malpelo,2006,-1.448391209,-5.821,-3.51,0,0,-0.86,-0.86,1.710181375,52.809,3.966681631,43.956,3.783189134,25.65816667,3.24486191,22.7908,15.3812,-0.009,1.71,0,,73,35,0,0,0,-1.08,21,21,39,10
MAL,Malpelo,2007,-0.796962637,-0.997,0,0,0,-0.27,0,2.874190971,55.206,4.011071643,33.184,3.502067832,27.0238,3.296717959,30.3808,32.7078,-0.019,2.874,0,,41,0,0,0,0,0.22,26,23,49,10
MAL,Malpelo,2008,0.107323077,-1.458,0,0,0,-0.27,0,2.04755002,43.951,3.783075377,47.059,3.851402134,47.98833333,3.870957926,52.63716667,43.3525,-0.02,2.048,0,,87,72,40,0,-1.303,-2.57,16,16,11,4
MAL,Malpelo,2009,-3.786962637,-16.968,-15,-14.991,-9.909,-3.62,-3.62,0.863429715,51.794,3.947274312,39.994,3.688729443,36.6012,3.600081027,34.101,29.72866667,-0.008,5.882,1,Severe,19,0,0,-2.956,0,-0.1,22,15,49,31
MAL,Malpelo,2010,0.947323077,0,0,0,0,-0.02,0,-1.751228632,55.301,4.012790992,31.165,3.43929567,31.1952,3.440264237,27.3086,18.7208,-0.023,0,0,,0,0,0,0,0,0.34,19,9,13,1
MAL,Malpelo,2011,-1.104105495,-1.395,-1.1,0,0,-0.12,0,3.171228113,52.01,3.951436008,39.342,3.672292651,39.9974,3.688814452,43.0744,29.9732,-0.015,3.171,0,,92,56,7,0,-3.865,-3.74,5,13,25,7
MAL,Malpelo,2012,-1.976962637,-5.896,-1.98,-1.977,0,-1.02,-1.02,0.413724175,64.918,4.173124935,34.745,3.548035677,24.4252,3.195615386,16.8954,3.6464,0.005,0.414,0,,90,60,0,0,0,-1.62,9,17,34,12
MAL,Malpelo,2013,-0.904105495,-1.302,0,0,0,0,0,0.703065434,39.87,3.685624161,26.23,3.266903794,20.8878,3.039165256,17.753,6.4474,-0.004,0.703,0,,24,3,0,0,0,-0.42,13,15,30,9
MAL,Malpelo,2014,0.213037363,-0.167,0,0,0,0,0,-1.556259638,25.611,3.243021947,20.9,3.039749159,18.7076,2.928929858,16.3848,9.2925,-0.009,0,0,,0,0,0,0,0,1.28,13,16,2,2
MAL,Malpelo,2015,-0.875534066,-2.157,0,0,0,-0.03,0,3.247507436,38.748,3.657079142,35,3.555348061,25.6876,3.246008385,26.13,24.4456,-0.015,3.248,0,,0,0,0,0,0,1.17,27,11,23,13
MAL,Malpelo,2016,-0.987676923,-3.092,-1.21,0,0,-0.23,0,7.546140337,64.988,4.174202637,73.533,4.297734285,65.4064,4.180620113,62.207,42.7308,-0.017,7.546,0,,0,0,0,0,0,2.01,14,15,22,10
MAL,Malpelo,2017,-0.455534066,-1.146,0,0,0,-0.05,0,4.017795669,67.133,4.206675726,65.409,4.180659864,55.304,4.012845239,47.6558,26.1012,-0.01,4.018,0,,25,0,0,0,0,-0.6,29,19,18,5
MAR,Mexico west,1998,0.025098901,0,0,0,0,0,0,12.82726163,48.824,3.888221995,156.443,5.052691726,150.2676667,5.012418148,163.1243333,162.6501667,-0.352,13.929,0,,0,0,0,0,0,-1.54,8,7,3,1
MAR,Mexico west,1999,-0.872043956,-5.558,0,0,0,-1.57,-1.09,4.606737088,42.954,3.760129776,62.056,4.128037203,62.6005,4.136773265,54.4994,54.4994,-0.237,4.607,0,,46,12,0,0,0,-0.84,18,16,92,21
MAR,Mexico west,2000,-1.454901099,-6.44,-2.58,0,0,-1.45,-1.12,4.479081118,42.119,3.740498945,42.946,3.759943513,29.7216,3.391874054,11.4856,11.4856,-0.164,4.479,0,,43,4,0,0,0,-1.64,19,19,67,36
MAR,Mexico west,2001,-1.750615385,-7.579,-1.99,-3.496,0,-1.82,-1.39,5.676680135,53.481,3.979326451,70.29,4.252629541,42.1762,3.741856081,26.311,26.311,-0.226,5.677,0,,53,18,0,-0.559,0,-1.98,20,14,66,30
MAR,Mexico west,2002,0.441884615,0,0,0,0,0,0,5.693275287,51.143,3.934625631,69.297,4.238401615,63.3376,4.14847915,42.3426,42.3426,-0.209,6.009,0,,57,14,1,0,0,-1.31,12,26,0,1
MAR,Mexico west,2003,-0.364901099,-0.365,0,0,0,0,0,7.114889683,24.911,3.215309473,86.239,4.457122512,83.33933333,4.422920627,74.4305,74.4305,-0.266,8.408,0,,1,0,0,0,-2.139,-2.43,23,9,11,11
MAR,Mexico west,2004,-1.062043956,-2.998,-1.06,0,0,-0.62,-0.62,6.153502975,30.565,3.419855563,35.879,3.580152166,28.2316,3.340441918,13.938,13.938,-0.236,6.154,0,,54,0,0,0,0,-1.17,11,23,30,23
MAR,Mexico west,2005,-0.530615385,-0.891,0,0,0,-0.14,0,3.326312613,25.812,3.2508395,51.323,3.938138995,58.5844,4.07046845,74.398,74.398,-0.258,3.694,0,,0,0,0,0,0,-2.15,12,18,42,11
MAR,Mexico west,2006,-0.354901099,-2.233,0,0,0,-0.31,0,1.437983034,39.55,3.677565694,40.033,3.689704114,24.056,3.180384446,17.944,17.944,-0.1,4.441,0,,71,17,0,0,0,-2.73,4,20,39,18
MAR,Mexico west,2007,0.338967949,0,0,-2.781,-2.781,-0.04,0,6.191543074,32.387,3.477757108,38.296,3.645345452,40.7018,3.706272318,52.1346,52.1346,-0.287,6.192,0,,36,1,0,0,0,-1.18,10,24,18,1
MAR,Mexico west,2008,-2.130615385,-11.261,-8.12,-4.533,-4.139,-2.88,-2.88,-0.477360403,37.005,3.611053039,6.348,1.848139803,4.6166,1.529658503,1.6386,1.6386,-0.017,0,1,Severe,83,67,14,-1.578,0,-0.53,17,12,84,44
MAR,Mexico west,2009,0.615098901,0,0,0,0,0,0,0.060311034,34.554,3.542523318,20.627,3.026600897,24.942,3.216553129,30.7744,30.7744,-0.046,0.06,0,,8,0,0,0,0,-2.4,7,25,1,1
MAR,Mexico west,2010,0.720813187,0,0,0,0,-0.28,0,1.722376461,35.34,3.565015467,44.37,3.792563565,38.10775,3.640417674,51.9565,51.9565,-0.292,6.445,0,,0,0,0,0,0,-2.35,18,15,24,1
MAR,Mexico west,2011,-3.143472527,-24.69,-18.3,-18.302,-14.555,-4.87,-4.87,-6.553643693,31.308,3.443873656,8.753,2.169396499,3.9785,1.380904864,0.77,0.77,0.224,0,1,Medium,81,39,3,-8.088,-1.364,-2.72,20,20,106,85
MAR,Mexico west,2012,-1.382282051,-5.862,-3.69,0,0,-0.93,-0.51,-4.757986429,27.128,3.300566405,16.915,2.828200802,15.7458,2.756573663,11.015,11.015,0.418,0,0,,89,36,0,-0.013,0,-0.92,22,19,41,35
MAR,Mexico west,2013,-0.12632967,-0.217,0,0,0,0,0,3.338147493,22.585,3.117285969,57.556,4.052758387,35.7648,3.576964169,51.8344,51.8344,0.065,6.687,0,,15,0,0,0,0,-0.87,28,28,7,6
MAR,Mexico west,2014,1.55367033,0,0,0,0,0,0,3.991675235,35.675,3.574450163,50.413,3.920249078,44.45216667,3.794413705,33.8924,33.8924,-0.166,3.992,0,,0,0,0,0,0,-0.35,17,27,0,1
MAR,Mexico west,2015,1.319384615,0,0,0,0,0,0,5.664237077,45.579,3.819447084,72.447,4.28285526,72.59283333,4.284866203,80.17916667,80.17916667,-0.323,5.664,0,,0,0,0,0,0,-1.49,12,21,0,1
MAR,Mexico west,2016,2.115098901,0,0,0,0,0,0,9.379110174,33.853,3.522027622,109.975,4.700253067,143.6886,4.967648458,178.6938,178.6938,-0.374,9.379,0,,0,0,0,0,0,-0.6,23,18,0,1
MAR,Mexico west,2017,-0.412043956,-1.384,0,0,0,0,0,4.240454148,34.165,3.531201728,49.839,3.90879781,47.2665,3.855801799,51.34133333,51.34133333,-0.172,5.907,0,,21,0,0,0,0,-0.23,24,21,21,16
MDK,Florida,1998,-1.354049627,-5.473,0,0,0,-0.77,0,-0.035497775,51.087,3.933530062,28.567,3.352252205,43.695,3.777233679,49.8766,49.7818,-0.011,2.133,0,,0,0,0,-0.338,0,1.03,14,20,58,29
MDK,Florida,1999,-0.562621055,-0.984,0,0,0,0,0,3.267043858,52.616,3.963020256,34.846,3.550938353,27.0798,3.298788062,30.117,29.3262,-0.023,3.267,0,,20,0,0,0,0,-1.96,21,25,20,20
MDK,Florida,2000,-1.076906769,-3.596,-1.08,0,0,-0.45,0,3.173474162,56.52,4.034594558,36.1345,3.587248088,36.4152,3.59498627,42.1298,40.6306,-0.012,3.173,0,,37,16,0,-0.061,0,-1.34,13,15,37,28
MDK,Florida,2001,-1.835478198,-6.753,-1.84,-1.835,0,-1.1,-1.1,4.309294189,43.555,3.774024507,30.263,3.409925844,31.1366,3.438383976,34.1314,33.3304,-0.008,4.309,0,,42,24,1,-1.174,0,-1.8,20,16,45,46
MDK,Florida,2002,-0.901013912,-2.755,0,0,0,0,0,2.562313316,42.291,3.744574297,32.294,3.474881454,28.8744,3.362955389,26.6204,27.174,-0.022,2.626,0,,49,11,4,-0.034,0,-2.17,19,14,35,19
MDK,Florida,2003,-2.075478198,-9.802,-6.21,-3.842,-2.075,-1.59,-1.59,0.284071694,29.889,3.39749052,30.789,3.427157483,29.0616,3.369417715,33.3056,32.343,0.011,0.284,0,,56,32,14,-3.091,0,0.5,18,13,53,47
MDK,Florida,2004,-0.439763912,-1.932,0,0,0,-0.17,0,2.749394643,59.186,4.080685027,23.333,3.149868668,19.5784,2.974426918,25.358,23.8808,-0.029,2.749,0,,61,24,12,0,0,-0.92,22,25,46,14
MDK,Florida,2005,-1.506906769,-6.518,-1.51,-1.507,0,-0.73,-0.58,1.079042365,40.831,3.709441597,22.446,3.111112425,22.7866,3.126172644,26.3898,25.3184,-0.019,1.079,0,,70,41,14,-0.522,0,0.02,16,21,64,30
MDK,Florida,2006,-1.794049627,-8.406,-5.59,-3.367,0,-1.61,-1.61,1.78346989,31.781,3.458868627,18.903,2.93932064,9.153,2.214081694,9.3686,8.8562,-0.004,2.018,0,,55,28,12,-1.541,0,-1.83,25,15,63,49
MDK,Florida,2007,-0.955478198,-1.113,0,0,0,-0.15,0,0.61972825,36.137,3.587317271,14.167,2.650915316,11.8864,2.475394889,18.0788,16.2196,-0.025,2.205,0,,30,8,0,0,0,-0.89,12,22,19,14
MDK,Florida,2008,0.196902754,-0.35,0,0,0,0,0,0.905017963,51.694,3.945341721,35.965,3.582546243,35.354,3.56541154,38.9856,37.9052,-0.027,1.951,0,,23,0,0,0,-5.146,-3.31,18,19,8,4
MDK,Florida,2009,-1.615478198,-9.876,-5.71,-3.225,0,-1.45,-1.01,1.661364869,27.955,3.330596074,26.566,3.279632203,26.19683333,3.265638538,31.76466667,30.0925,-0.024,1.661,0,,61,37,10,-1.954,0,-0.44,26,23,53,28
MDK,Florida,2010,-1.971192484,-7.706,-5.49,-1.971,0,-1.7,-1.7,-3.119342612,37.524,3.624980728,10.691,2.369402266,10.7626,2.376077161,11.1498,10.984,-0.007,0,1,Medium,81,32,6,-1.434,0,0.91,22,18,81,48
MDK,Florida,2011,-1.942621055,-9.796,-3.46,-3.466,0,-1.38,-1.38,2.110134765,44.194,3.788589033,29.783,3.393937761,23.6904,3.165069903,20.4314,20.9384,-0.004,2.624,0,,52,21,7,-2.798,0,-2.15,20,20,51,36
MDK,Florida,2012,-0.525478198,-0.525,0,0,0,0,0,1.743791396,25.629,3.243724523,25.97,3.256942026,23.80016667,3.169692583,25.0448,23.6508,-0.023,1.744,0,,28,4,0,0,0,-1.9,21,19,12,9
MDK,Florida,2013,-0.592621055,-0.72,0,0,0,0,0,2.086125064,21.701,3.077358342,28.051,3.334024282,31.7646,3.458352462,43.0092,39.6858,-0.031,2.086,0,,35,9,0,0,0,-1.07,11,17,21,14
MDK,Florida,2014,0.023093231,0,0,0,0,0,0,4.165056767,49.957,3.911162635,41.011,3.713840323,39.213,3.669008324,38.57983333,39.04133333,-0.015,4.165,0,,27,2,0,0,0,0.76,12,19,4,4
MDK,Florida,2015,-0.888335341,-2.804,0,0,0,-0.4,0,2.594558224,35.072,3.557403091,34.194,3.53205019,29.80016667,3.394513986,27.12916667,27.57433333,-0.016,2.595,0,,36,22,11,0,0,0.5,31,27,26,18
MDK,Florida,2016,-0.146906769,-0.147,0,0,0,0,0,1.075264345,45.572,3.819293493,15.738,2.75607817,9.8356,2.286008457,12.0328,11.2574,0,1.075,0,,25,6,0,0,0,1.06,27,23,12,4
MDK,Florida,2017,0.064736088,-0.086,0,0,0,0,0,0.980440179,32.445,3.479546348,13.446,2.598681664,11.88516667,2.475291124,10.687,10.2556,-0.007,0.98,0,,19,1,0,0,0,-0.62,23,20,9,4
PAV,Gulf of California,1998,1.148691881,0,0,0,0,0,0,5.187615227,38.375,3.647406206,55.671,4.019459365,66.58716667,4.198511866,85.23433333,78.68783333,-0.082,5.188,0,,0,0,0,0,0,0.52,15,19,0,1
PAV,Gulf of California,1999,-1.51273669,-5.006,-2.76,-1.513,0,-1.1,-1.01,3.605281432,40.053,3.690203577,45.171,3.810455288,46.016,3.828989162,51.5676,50.391,-0.046,3.605,0,,135,23,0,-0.211,0,-1.57,15,20,44,31
PAV,Gulf of California,2000,-1.16273669,-8.449,-2.24,0,0,-1.63,-1,3.393221758,35.534,3.570489985,37.375,3.621002032,35.0044,3.555473768,30.8656,32.8024,-0.053,3.393,0,,102,14,0,0,0,-1.38,20,14,74,41
PAV,Gulf of California,2001,-1.601308119,-7.538,-3.92,-1.601,0,-1.31,-0.92,0.121836557,36.363,3.593551774,25.0535,3.221013538,20.9606,3.042644485,19.4306,20.6626,-0.055,0.122,0,,85,0,0,-0.458,0,-1.42,14,17,53,51
PAV,Gulf of California,2002,-1.285593833,-8.012,-3.57,0,0,-1.17,-1.09,0.804192427,46.478,3.838979082,19.005,2.944702102,21.2792,3.05773007,20.9694,21.0962,-0.016,0.804,0,,72,28,11,0,0,-2.38,23,20,56,49
PAV,Gulf of California,2003,0.825834739,0,0,0,0,0,0,0.56159958,20.08,2.999724295,16.594,2.809041184,21.74883333,3.079560116,44.64966667,34.35133333,-0.062,0.562,0,,67,17,8,0,0,0.41,12,24,0,1
PAV,Gulf of California,2004,-0.591308119,-2.595,0,0,0,-0.23,0,-0.689116442,26.441,3.274915836,12.387,2.516647536,5.401,1.686584122,1.2998,2.3414,0.006,0.677,0,,104,53,4,0,0,-1,13,17,43,26
PAV,Gulf of California,2005,0.125834739,0,0,0,0,0,0,2.743806471,22.385,3.108391092,29.444,3.382490154,31.0964,3.437092057,54.1914,44.9676,-0.064,2.744,0,,53,9,3,0,0,0.02,16,14,1,1
PAV,Gulf of California,2006,-1.490665261,-12.483,-4.91,0,0,-2.21,-1.78,0.964491643,24.656,3.205020279,20.427,3.016857555,18.38083333,2.911308455,16.692,17.588,-0.043,1.202,0,,18,0,0,-0.377,0,-1.86,13,15,72,72
PAV,Gulf of California,2007,-0.864165261,-3.368,0,0,0,0,0,0.84888646,30.969,3.432986704,8.799,2.174638079,11.2492,2.420297015,12.9152,12.3246,0.01,0.849,0,,196,92,20,0,0,-1.18,24,26,37,17
PAV,Gulf of California,2008,-2.677022404,-24.86,-20.74,-20.744,-13.919,-5.12,-5.12,1.232498796,30.229,3.408801729,23.072,3.138619761,17.18983333,2.844318124,16.51783333,16.78333333,-0.03,1.232,1,Severe,6,0,0,-9.234,-4.735,-2.86,17,20,85,79
PAV,Gulf of California,2009,-0.287022404,-0.692,0,0,0,0,0,0.369059523,23.166,3.142685687,13.572,2.608008847,10.75483333,2.375355266,9.633,10.55383333,-0.027,0.369,0,,5,0,0,0,0,-0.3,12,23,14,6
PAV,Gulf of California,2010,1.074406167,0,0,0,0,0,0,2.119789481,36.324,3.59247868,19.856,2.988506228,16.1114,2.779527096,18.6114,18.0594,-0.058,2.228,0,,109,23,6,0,0,0.79,17,23,0,1
PAV,Gulf of California,2011,-2.074165261,-17.094,-12.15,-8.761,-2.031,-3.38,-3.38,2.116616751,26.06,3.260401572,24.119,3.182999912,21.839,3.083697362,14.131,18.1932,0.002,2.117,1,Medium,19,3,0,-3.142,0,-2.11,27,20,91,74
PAV,Gulf of California,2012,-1.668450976,-14.884,-4.87,-4.823,0,-3.35,-3.35,0.168389666,24.305,3.19068209,14.646,2.684167261,12.8165,2.550733403,10.42933333,11.71716667,-0.033,0.168,0,,23,0,0,-1.529,0,-1.81,20,20,89,77
PAV,Gulf of California,2013,-0.615593833,-2.032,0,0,0,0,0,1.28146191,22.126,3.096753388,18.49,2.917230045,19.174,2.953555195,29.0722,24.7176,-0.062,1.542,0,,61,8,0,0,0,-0.7,26,26,21,12
PAV,Gulf of California,2014,1.104406167,0,0,0,0,0,0,4.331977277,33.121,3.500167522,52.058,3.952358482,63.04366667,4.143827608,82.41616667,75.40683333,-0.066,4.332,0,,3,0,0,0,0,0.56,18,22,0,1
PAV,Gulf of California,2015,0.830001405,0,0,0,0,0,0,2.448964138,11.776,2.466063562,22.3755,3.10796661,26.83116667,3.289564147,38.20816667,33.9475,-0.053,2.449,0,,2,0,0,0,0,0.78,29,21,0,1
PAV,Gulf of California,2016,1.380120453,0,0,0,0,0,0,2.962325025,29.855,3.39635233,35.539,3.570630685,43.0414,3.762162443,59.9838,53.7526,-0.061,2.962,0,,70,15,5,0,0,0.62,14,24,0,1
PAV,Gulf of California,2017,-0.536665261,-1.287,0,0,0,-0.09,0,1.69883154,27.428,3.311564389,21.859,3.084612736,20.6592,3.028160741,18.40483333,18.6446,-0.016,2.507,0,,87,20,0,0,0,-0.56,20,19,18,9
UPK,Florida,1998,-1.304285714,-5.201,0,0,0,-0.78,0,6.033222445,51.354,3.93874283,84.433,4.43595832,56.94866667,4.042150277,56.69366667,61.19766667,-0.227,9.015,0,,0,0,0,0,0,4.57,29,25,54,29
UPK,Florida,1999,-0.541428571,-0.947,0,0,0,0,0,4.76784597,61.099,4.112495499,33.612,3.514883146,31.26,3.442339325,20.84375,25.217,-0.152,4.768,0,,19,0,0,0,0,0.69,24,15,16,12
UPK,Florida,2000,-1.232857143,-4.076,-2.24,0,0,-0.51,-0.51,6.296577238,55.305,4.01286332,82.425,4.411888789,56.0134,4.025590948,40.7496,47.0652,-0.175,6.687,0,,37,8,0,0,0,-0.44,16,9,37,28
UPK,Florida,2001,-1.885714286,-8.504,-5.98,-3.515,0,-1.39,-1.39,6.761622461,46.115,3.831138277,77.71,4.352983949,65.9054,4.18822038,47.566,55.839,-0.19,6.762,0,,45,15,1,-0.663,0,1.17,17,20,39,40
UPK,Florida,2002,-0.975535714,-3.314,0,-3.18,0,0,0,3.429586887,42.21,3.74265716,48.611,3.883849843,41.4552,3.724613326,38.0356,42.3184,-0.163,6.625,0,,34,1,0,0,0,1.32,18,6,46,19
UPK,Florida,2003,-2.68,-14.285,-10.72,-7.886,-4.706,-1.65,-1.57,1.061480247,25.723,3.247385533,22.749,3.124521188,9.2058,2.21983372,1.848666667,3.247,-0.08,1.061,0,,52,26,4,-3.127,0,1.38,13,9,52,34
UPK,Florida,2004,-2.458571429,-8.818,-6.29,-6.293,-4.792,-1.44,-1.44,2.256303484,59.968,4.093811087,23.766,3.168255988,20.1034,3.000888955,9.5176,12.5732,-0.094,2.256,0,,40,0,0,-2.198,0,1.2,7,10,55,27
UPK,Florida,2005,-2.222857143,-12.347,-8.81,-5.974,-4.31,-1.69,-1.69,2.203721026,47.551,3.861802819,28.098,3.335698399,31.5305,3.450955331,20.93266667,25.32133333,-0.084,2.204,0,,63,12,0,-1.764,0,1.73,4,23,66,37
UPK,Florida,2006,-2.38,-11.086,-9.13,-6.461,-4.73,-1.93,-1.93,2.571037849,28.116,3.336338809,16.739,2.817741326,12.965,2.562253419,9.4734,11.0078,-0.064,2.571,0,,62,21,3,-2.186,0,1.33,9,8,51,18
UPK,Florida,2007,-1.18,-1.721,-1.18,0,0,-0.32,0,1.469690095,34.846,3.550938353,11.597,2.450746444,15.38,2.733067964,13.1236,15.0854,-0.082,1.47,0,,14,3,0,0,0,0.4,9,16,27,12
UPK,Florida,2008,-0.162202381,-0.711,0,0,0,0,0,-1.865757825,45.14,3.809768771,19.124,2.950944091,12.893,2.556684528,5.573,7.594,0.039,0,0,,7,0,0,0,0,0.12,7,22,18,7
UPK,Florida,2009,-2.121428571,-10.637,-7.7,-5.408,-2.121,-1.71,-1.71,0.632768426,34.948,3.553861242,22.618,3.118746049,28.3794,3.34566353,16.2442,20.508,-0.036,0.633,0,,52,28,7,-1.133,0,0.69,8,11,59,22
UPK,Florida,2010,-2.121428571,-8.299,-7.63,-2.121,-2.121,-1.72,-1.65,-1.821169148,40.26,3.69535842,9.613,2.263116349,7.3218,1.990856199,3.5354,4.6872,0.041,0,1,Medium,79,26,3,-0.696,0,2.21,14,14,79,46
UPK,Florida,2011,-2.128571429,-10.158,-3.84,-3.838,-2.129,-1.02,-0.97,0.884867456,45.266,3.812556199,26.958,3.294280099,24.0435,3.17986469,12.6025,16.08933333,-0.035,0.885,0,,56,19,4,-2.245,0,1.14,9,9,47,31
UPK,Florida,2012,-0.892857143,-2.021,0,0,0,-0.17,0,-1.462448091,28.626,3.354315396,31.066,3.436113974,39.12866667,3.666855361,26.707,31.67866667,0.105,0,0,,11,0,0,0,0,1.8,18,22,27,12
UPK,Florida,2013,-0.942857143,-2.057,0,0,0,-0.02,0,1.648922106,24.908,3.215189037,28.949,3.365535661,26.6168,3.281542595,17.352,20.8464,-0.125,2.192,0,,22,1,0,0,0,1.37,8,16,32,15
UPK,Florida,2014,-0.647142857,-1.461,0,0,0,0,0,2.270074073,37.223,3.61692685,17.292,2.850243967,21.7024,3.077422854,21.3432,23.4624,-0.061,2.27,0,,3,0,0,0,0,1.9,5,5,24,11
UPK,Florida,2015,-2.131428571,-9.026,-6.86,-5.811,-4.251,-1.4,-1.4,2.22197789,27.947,3.330309859,26.999,3.295799828,22.5262,3.114679076,14.0468,16.988,-0.121,2.222,0,,24,4,0,-2.149,0,2.12,9,8,35,32
UPK,Florida,2016,-0.962857143,-2.228,0,0,0,-0.19,0,-0.744178782,36.847,3.606774204,20.627,3.026600897,32.2178,3.472519095,33.5318,36.126,-0.125,0,0,,14,0,0,0,0,2.93,9,16,22,11
UPK,Florida,2017,-0.249785714,-0.704,0,0,0,0,0,-0.304392704,47.742,3.865811514,6.737,1.907614722,14.29016667,2.659571655,12.23283333,13.44616667,0,0,0,,3,0,0,0,0,1.7,7,22,15,5
